,TradeDate,FundID,Price,Volume,Return,VolumeMult
1,2019-08-26,N6M,11.14,53300,0,1.874333333
2,2019-08-27,N6M,11.14,22900,0,1.053033333
3,2019-08-28,N6M,11.1,3100,-0.003591,0.495
4,2019-08-29,N6M,11.1,0,0,0.422066667
5,2019-08-30,N6M,11.17,2200,0.006306,0.5389
6,2019-09-02,N6M,11.18,2900,0.000895,0.6149
7,2019-09-03,N6M,11.18,5300,0,0.681966667
8,2019-09-04,N6M,11.15,100,-0.002683,0.341066667
9,2019-09-05,N6M,11.1,5100,-0.004484,0.685966667
10,2019-09-06,N6M,11.02,1000,-0.007207,0.585933333
11,2019-09-09,N6M,11.06,3100,0.00363,0.4909
12,2019-09-10,N6M,11.04,800,-0.001808,0.3477
13,2019-09-11,N6M,10.99,12100,-0.004529,0.703833333
14,2019-09-12,N6M,10.98,1200,-0.00091,0.6086
15,2019-09-13,N6M,10.98,5000,0,0.836
16,2019-09-16,N6M,10.93,1100,-0.004554,0.4595
17,2019-09-17,N6M,10.97,5800,0.00366,0.5914
18,2019-09-18,N6M,11,4600,0.002735,0.519866667
19,2019-09-19,N6M,11,4500,0,0.608833333
20,2019-09-20,N6M,11,8800,0,0.9073
21,2019-09-23,N6M,11.01,300,0.000909,0.487533333
22,2019-09-24,N6M,11.04,3700,0.002725,0.762333333
23,2019-09-25,N6M,11.04,6200,0,0.5912
24,2019-09-26,N6M,11.04,11300,0,0.689566667
25,2019-09-27,N6M,11.02,8100,-0.001812,0.6034
26,2019-09-30,N6M,11.01,7200,-0.000907,0.7144
27,2019-10-01,N6M,11,22100,-0.000908,1.282533333
28,2019-10-02,N6M,11.04,7700,0.003636,1.035766667
29,2019-10-03,N6M,11.08,6300,0.003623,0.855966667
30,2019-10-04,N6M,11.09,3000,0.000903,0.611633333
31,2019-10-07,N6M,11.09,8300,0,0.5826
32,2019-10-08,N6M,11.09,3000,0,0.5255
33,2019-10-09,N6M,11.09,0,0,0.35
34,2019-10-10,N6M,11.09,4600,0,0.488833333
35,2019-10-11,N6M,11.09,2700,0,0.5702
36,2019-10-14,N6M,11.09,0,0,0.222433333
37,2019-10-15,N6M,11.07,1200,-0.001803,0.56
38,2019-10-16,N6M,11.04,67000,-0.00271,2.267266667
39,2019-10-17,N6M,11.07,19900,0.002717,0.8885
40,2019-10-18,N6M,11.08,13900,0.000903,0.824033333
41,2019-10-21,N6M,11.03,5400,-0.004513,0.515
42,2019-10-22,N6M,11.06,5800,0.00272,0.640233333
43,2019-10-23,N6M,11.07,11400,0.000904,0.550366667
44,2019-10-24,N6M,11.07,8400,0,0.5462
45,2019-10-25,N6M,11.1,9900,0.00271,0.584666667
46,2019-10-28,N6M,11.19,5300,0.008108,0.582933333
47,2019-10-29,N6M,11.28,13900,0.008043,0.745266667
48,2019-10-30,N6M,11.08,3100,-0.01773,0.652666667
49,2019-10-31,N6M,11.1,14300,0.001805,0.978066667
50,2019-11-01,N6M,11.12,7900,0.001802,0.674233333
51,2019-11-04,N6M,11.11,18400,-0.000899,0.8603
52,2019-11-05,N6M,11.11,7800,0,0.803866667
53,2019-11-06,N6M,11.09,6200,-0.0018,0.457766667
54,2019-11-07,N6M,11.09,7700,0,0.580733333
55,2019-11-08,N6M,11.07,3700,-0.001803,0.377733333
56,2019-11-11,N6M,11.06,5300,-0.000903,0.351866667
57,2019-11-12,N6M,11.07,6200,0.000904,0.517733333
58,2019-11-13,N6M,11.07,2000,0,0.391633333
59,2019-11-14,N6M,11.04,1100,-0.00271,0.3615
60,2019-11-15,N6M,11.09,9800,0.004529,0.676833333
61,2019-11-18,N6M,11.1,5000,0.000902,0.4848
62,2019-11-19,N6M,11.06,700,-0.003604,0.5112
63,2019-11-20,N6M,11.13,8100,0.006329,0.7677
64,2019-11-21,N6M,11.13,6000,0,0.529533333
65,2019-11-22,N6M,11.08,6300,-0.004492,0.569233333
66,2019-11-25,N6M,11.37,9100,0.026173,0.6891
67,2019-11-26,N6M,11.15,600,-0.019349,0.3569
68,2019-11-27,N6M,11.14,7800,-0.000897,0.495133333
69,2019-11-28,N6M,11.13,8400,-0.000898,0.772966667
70,2019-11-29,N6M,11.14,4600,0.000898,0.3866
71,2019-12-02,N6M,11.11,3500,-0.002693,0.580166667
72,2019-12-03,N6M,11.05,800,-0.005401,0.553166667
73,2019-12-04,N6M,11.01,49600,-0.00362,1.717066667
74,2019-12-05,N6M,11.01,15400,0,0.854933333
75,2019-12-06,N6M,11.01,194500,0,6.085
76,2019-12-09,N6M,11.01,23400,0,1.101266667
77,2019-12-10,N6M,11,8600,-0.000908,0.651966667
78,2019-12-11,N6M,11.06,56000,0.005455,2.0723
79,2019-12-12,N6M,11.05,1500,-0.000904,0.5892
80,2019-12-13,N6M,11.05,4700,0,0.606866667
81,2019-12-16,N6M,11.04,15000,-0.000905,0.8937
82,2019-12-17,N6M,10.98,14500,-0.005435,0.948933333
83,2019-12-18,N6M,11.05,7600,0.006375,0.8743
84,2019-12-19,N6M,11.01,13200,-0.00362,1.068333333
85,2019-12-20,N6M,11.02,4900,0.000908,0.889933333
86,2019-12-23,N6M,11.03,7400,0.000907,0.6133
87,2019-12-24,N6M,11.03,5100,0,0.375033333
88,2019-12-25,N6M,11.03,0,0,0.531533333
89,2019-12-26,N6M,11.04,13300,0.000907,0.700266667
90,2019-12-27,N6M,11.04,1300,0,0.4971
91,2019-12-30,N6M,11.05,2700,0.000906,0.450866667
92,2019-12-31,N6M,11.01,23800,-0.00362,0.981166667
93,2020-01-02,N6M,11.05,2300,0.003633,0.514233333
94,2020-01-03,N6M,11.09,200,0.00362,0.487233333
95,2020-01-06,N6M,11.12,13600,0.002705,0.874966667
96,2020-01-07,N6M,11.12,4700,0,0.479866667
97,2020-01-08,N6M,11.12,11100,0,0.761533333
98,2020-01-09,N6M,11.12,4900,0,0.531733333
99,2020-01-10,N6M,11.12,1900,0,0.472466667
100,2020-01-13,N6M,11.13,2700,0.000899,0.520933333
101,2020-01-14,N6M,11.14,5500,0.000898,0.787466667
102,2020-01-15,N6M,11.14,2600,0,0.6543
103,2020-01-16,N6M,11.16,3000,0.001795,0.704533333
104,2020-01-17,N6M,11.17,13000,0.000896,1.051133333
105,2020-01-20,N6M,11.17,0,0,0.531533333
106,2020-01-21,N6M,11.19,25500,0.001791,1.3432
107,2020-01-22,N6M,11.13,3100,-0.005362,0.568766667
108,2020-01-23,N6M,11.18,7000,0.004492,1.0183
109,2020-01-24,N6M,11.18,10400,0,1.104566667
110,2020-01-27,N6M,11.2,5300,0.001789,1.073366667
111,2020-01-28,N6M,11.22,12200,0.001786,1.101233333
112,2020-01-29,N6M,11.15,5200,-0.006239,0.5738
113,2020-01-30,N6M,11.2,6600,0.004484,0.6929
114,2020-01-31,N6M,11.22,16100,0.001786,1.300233333
115,2020-02-03,N6M,11.22,2600,0,0.607133333
116,2020-02-04,N6M,11.19,800,-0.002674,0.560366667
117,2020-02-05,N6M,11.24,13100,0.004468,1.0879
118,2020-02-06,N6M,11.24,10500,0,0.805033333
119,2020-02-07,N6M,11.26,11000,0.001779,0.7659
120,2020-02-10,N6M,11.28,9300,0.001776,0.668066667
121,2020-02-11,N6M,11.28,1100,0,0.603066667
122,2020-02-12,N6M,11.28,28000,0,1.476
123,2020-02-13,N6M,11.3,8500,0.001773,0.899033333
124,2020-02-14,N6M,11.28,7600,-0.00177,0.7631
125,2020-02-17,N6M,11.31,10700,0.00266,0.8391
126,2020-02-18,N6M,11.28,11400,-0.002653,0.8803
127,2020-02-19,N6M,11.28,3300,0,0.491766667
128,2020-02-20,N6M,11.29,1200,0.000887,0.6451
129,2020-02-21,N6M,11.31,5700,0.001771,0.718266667
130,2020-02-24,N6M,11.32,1800,0.000884,1.236066667
131,2020-02-25,N6M,11.33,2700,0.000883,1.678833333
132,2020-02-26,N6M,11.34,39500,0.000883,2.719266667
133,2020-02-27,N6M,11.35,16300,0.000882,2.074866667
134,2020-02-28,N6M,11.31,33900,-0.003524,3.419266667
135,2020-03-02,N6M,11.24,5900,-0.006189,1.8002
136,2020-03-03,N6M,11.25,16700,0.00089,2.010366667
137,2020-03-04,N6M,11.25,1700,0,1.150033333
138,2020-03-05,N6M,11.34,17000,0.008,1.669733333
139,2020-03-06,N6M,11.38,10200,0.003527,1.776133333
140,2020-03-09,N6M,11.29,41700,-0.007909,3.023833333
141,2020-03-10,N6M,11.35,19200,0.005314,2.148766667
142,2020-03-11,N6M,11.04,39800,-0.027313,2.5095
143,2020-03-12,N6M,10.88,25900,-0.014493,3.166133333
144,2020-03-13,N6M,10.7,33900,-0.016544,3.377166667
145,2020-03-16,N6M,10.73,11200,0.002804,1.972166667
146,2020-03-17,N6M,10.28,10200,-0.041938,2.2697
147,2020-03-18,N6M,10.28,0,0,2.0379
148,2020-03-19,N6M,9.83,7000,-0.043774,1.903966667
149,2020-03-20,N6M,9.9,21700,0.007121,2.099666667
150,2020-03-23,N6M,9.9,5100,0,1.650633333
151,2020-03-24,N6M,9.8,13800,-0.010101,1.807633333
152,2020-03-25,N6M,9.9,11400,0.010204,1.635466667
153,2020-03-26,N6M,9.98,5300,0.008081,1.657766667
154,2020-03-27,N6M,9.99,1500,0.001002,1.461066667
155,2020-03-30,N6M,10.09,800,0.01001,1.049433333
156,2020-03-31,N6M,10.03,31800,-0.005946,1.892966667
157,2020-04-01,N6M,10.19,2800,0.015952,1.385833333
158,2020-04-02,N6M,10.15,300,-0.003925,0.869833333
159,2020-04-03,N6M,10.02,1500,-0.012808,0.938566667
160,2020-04-06,N6M,10.02,0,0,0.9996
161,2020-04-07,N6M,10.14,3800,0.011976,1.2719
162,2020-04-08,N6M,10.23,500,0.008876,0.9618
163,2020-04-09,N6M,10.23,2300,0,1.882666667
164,2020-04-13,N6M,10.54,17000,0.030303,1.460266667
165,2020-04-14,N6M,10.42,57000,-0.011385,2.6088
166,2020-04-15,N6M,10.55,2400,0.012476,0.869233333
167,2020-04-16,N6M,10.48,2300,-0.006635,0.7813
168,2020-04-17,N6M,10.46,5500,-0.001908,1.1286
169,2020-04-20,N6M,10.55,3700,0.008604,0.765966667
170,2020-04-21,N6M,10.44,2900,-0.010427,1.148466667
171,2020-04-22,N6M,10.53,10000,0.008621,0.929033333
172,2020-04-23,N6M,10.4,3800,-0.012346,0.858566667
173,2020-04-24,N6M,10.4,100,0,0.7859
174,2020-04-27,N6M,10.4,0,0,0.586066667
175,2020-04-28,N6M,10.4,25900,0,1.4697
176,2020-04-29,N6M,10.53,92700,0.0125,3.5382
177,2020-04-30,N6M,10.5,103800,-0.002849,4.098033333
178,2020-05-01,N6M,10.5,5300,0,0.941666667
179,2020-05-04,N6M,10.5,600,0,0.5657
180,2020-05-05,N6M,10.47,1000,-0.002857,0.7262
181,2020-05-06,N6M,10.47,6500,0,0.6339
182,2020-05-07,N6M,10.47,5300,0,0.630133333
183,2020-05-08,N6M,10.47,0,0,0.540433333
184,2020-05-11,N6M,10.49,2400,0.00191,0.625666667
185,2020-05-12,N6M,10.55,31100,0.00572,1.503433333
186,2020-05-13,N6M,10.55,2900,0,0.9886
187,2020-05-14,N6M,10.47,25100,-0.007583,1.640066667
188,2020-05-15,N6M,10.57,13400,0.009551,1.250333333
189,2020-05-18,N6M,10.58,2200,0.000946,0.8333
190,2020-05-19,N6M,10.58,0,0,0.560266667
191,2020-05-20,N6M,10.61,10700,0.002836,0.997666667
192,2020-05-21,N6M,10.61,0,0,0.529633333
193,2020-05-22,N6M,10.75,5400,0.013195,0.524933333
194,2020-05-26,N6M,10.76,8000,0.00093,1.0263
195,2020-05-27,N6M,10.76,100,0,0.7344
196,2020-05-28,N6M,10.72,15000,-0.003717,1.084833333
197,2020-05-29,N6M,10.76,12500,0.003731,1.199933333
198,2020-06-01,N6M,10.77,14400,0.000929,1.399866667
199,2020-06-02,N6M,10.69,48800,-0.007428,2.047833333
200,2020-06-03,N6M,10.72,6600,0.002806,0.9396
201,2020-06-04,N6M,10.8,7200,0.007463,1.093533333
202,2020-06-05,N6M,10.82,2500,0.001852,0.954833333
203,2020-06-08,N6M,10.85,1900,0.002773,0.5465
204,2020-06-09,N6M,10.89,3000,0.003687,0.708
205,2020-06-10,N6M,10.89,0,0,0.8283
206,2020-06-11,N6M,10.89,0,0,1.096966667
207,2020-06-12,N6M,10.86,17500,-0.002755,1.439266667
208,2020-06-15,N6M,10.89,77900,0.002762,3.119133333
209,2020-06-16,N6M,10.91,3500,0.001837,0.9361
210,2020-06-17,N6M,10.93,1000,0.001833,0.4597
211,2020-06-18,N6M,10.88,3800,-0.004575,0.6342
212,2020-06-19,N6M,10.95,1500,0.006434,0.679633333
213,2020-06-22,N6M,10.93,500,-0.001826,0.5417
214,2020-06-23,N6M,10.97,3200,0.00366,0.544033333
215,2020-06-24,N6M,10.99,1100,0.001823,0.8897
216,2020-06-25,N6M,10.98,700,-0.00091,0.806366667
217,2020-06-26,N6M,10.98,0,0,0.7275
218,2020-06-29,N6M,10.97,4900,-0.000911,1.346666667
219,2020-06-30,N6M,10.9,21900,-0.006381,1.4737
220,2020-07-01,N6M,10.93,3200,0.002752,0.6998
221,2020-07-02,N6M,10.98,19500,0.004575,1.158533333
222,2020-07-03,N6M,10.98,5300,0,0.683866667
223,2020-07-06,N6M,10.98,5300,0,0.713733333
224,2020-07-07,N6M,10.98,5300,0,0.6087
225,2020-07-08,N6M,10.98,2600,0,0.566433333
226,2020-07-09,N6M,10.99,1000,0.000911,0.503266667
227,2020-07-10,N6M,10.985,5300,-0.000455,0.5459
228,2020-07-13,N6M,10.98,14600,-0.000455,0.9843
229,2020-07-14,N6M,11.03,6100,0.004554,1.015133333
230,2020-07-15,N6M,10.95,225500,-0.007253,6.9878
231,2020-07-16,N6M,10.95,0,0,0.366933333
232,2020-07-17,N6M,11.03,19100,0.007306,0.9733
233,2020-07-20,N6M,11.03,0,0,0.353833333
234,2020-07-21,N6M,11.08,8300,0.004533,0.709266667
235,2020-07-22,N6M,11.08,0,0,0.3866
236,2020-07-23,N6M,11.15,1900,0.006318,0.596133333
237,2020-07-24,N6M,11.12,3800,-0.002691,0.507533333
238,2020-07-27,N6M,11.11,88095,-0.000899,2.9057
239,2020-07-28,N6M,11.18,1700,0.006301,0.3896
240,2020-07-29,N6M,11.15,5800,-0.002683,0.535966667
241,2020-07-30,N6M,11.19,1500,0.003587,0.929866667
242,2020-07-31,N6M,11.21,5300,0.001787,0.7988
243,2020-08-03,N6M,11.23,2000,0.001784,0.450566667
244,2020-08-04,N6M,11.23,0,0,0.4349
245,2020-08-05,N6M,11.29,3300,0.005343,0.427066667
246,2020-08-06,N6M,11.3,9500,0.000886,0.642466667
247,2020-08-07,N6M,11.34,1640,0.00354,0.4139
248,2020-08-10,N6M,11.34,5300,0,0.460666667
249,2020-08-11,N6M,11.34,1300,0,0.516233333
250,2020-08-12,N6M,11.36,1500,0.001764,0.448666667
251,2020-08-13,N6M,11.35,1120,-0.00088,0.550333333
252,2020-08-14,N6M,11.35,8790,0,0.534233333
253,2020-08-17,N6M,11.34,100,-0.000881,0.275966667
254,2020-08-18,N6M,11.31,255,-0.002646,0.4189
255,2020-08-19,N6M,11.29,12000,-0.001768,0.6968
256,2020-08-20,N6M,11.33,36010,0.003543,1.394966667
257,2020-08-21,N6M,11.33,0,0,0.346666667
258,2020-08-24,N6M,11.35,5400,0.001765,0.4843
259,2020-08-25,N6M,11.33,1900,-0.001762,0.613466667
260,2019-08-26,HYG,86.980003,14187800,0,1.874333333
261,2019-08-27,HYG,86.940002,14722700,-0.00046,1.053033333
262,2019-08-28,HYG,87.150002,13576000,0.002415,0.495
263,2019-08-29,HYG,87.239998,16271400,0.001033,0.422066667
264,2019-08-30,HYG,87.160004,14413600,-0.000917,0.5389
265,2019-09-02,HYG,86.8500025,21827700,-0.003557,0.6149
266,2019-09-03,HYG,86.540001,20561500,-0.003569,0.681966667
267,2019-09-04,HYG,86.720001,13526700,0.00208,0.341066667
268,2019-09-05,HYG,87.059998,23399100,0.003921,0.685966667
269,2019-09-06,HYG,87.139999,25162700,0.000919,0.585933333
270,2019-09-09,HYG,87.230003,17484200,0.001033,0.4909
271,2019-09-10,HYG,87.279999,14055800,0.000573,0.3477
272,2019-09-11,HYG,87.269997,13999200,-0.000115,0.703833333
273,2019-09-12,HYG,87.32,23246400,0.000573,0.6086
274,2019-09-13,HYG,87.160004,34407300,-0.001832,0.836
275,2019-09-16,HYG,87.470001,23020800,0.003557,0.4595
276,2019-09-17,HYG,87.519997,14626400,0.000572,0.5914
277,2019-09-18,HYG,87.470001,15913800,-0.000571,0.519866667
278,2019-09-19,HYG,87.370003,13327000,-0.001143,0.608833333
279,2019-09-20,HYG,87.480003,23298400,0.001259,0.9073
280,2019-09-23,HYG,87.440002,15456800,-0.000457,0.487533333
281,2019-09-24,HYG,87.32,21934200,-0.001372,0.762333333
282,2019-09-25,HYG,87.230003,15142100,-0.001031,0.5912
283,2019-09-26,HYG,87.169998,13873100,-0.000688,0.689566667
284,2019-09-27,HYG,87.07,13419200,-0.001147,0.6034
285,2019-09-30,HYG,87.169998,21827700,0.001148,0.7144
286,2019-10-01,HYG,86.620003,27665700,-0.006309,1.282533333
287,2019-10-02,HYG,86.110001,33789500,-0.005888,1.035766667
288,2019-10-03,HYG,86.160004,30387800,0.000581,0.855966667
289,2019-10-04,HYG,86.43,17588600,0.003134,0.611633333
290,2019-10-07,HYG,86.360001,14542500,-0.00081,0.5826
291,2019-10-08,HYG,86.040001,15471500,-0.003705,0.5255
292,2019-10-09,HYG,86.300003,11351300,0.003022,0.35
293,2019-10-10,HYG,86.410004,11092800,0.001275,0.488833333
294,2019-10-11,HYG,86.769997,18661400,0.004166,0.5702
295,2019-10-14,HYG,86.830002,9842600,0.000692,0.222433333
296,2019-10-15,HYG,87.019997,26321500,0.002188,0.56
297,2019-10-16,HYG,86.949997,11813000,-0.000804,2.267266667
298,2019-10-17,HYG,87.07,14814300,0.00138,0.8885
299,2019-10-18,HYG,87.089996,21363700,0.00023,0.824033333
300,2019-10-21,HYG,87.120003,10090400,0.000345,0.515
301,2019-10-22,HYG,87.139999,15464300,0.00023,0.640233333
302,2019-10-23,HYG,87.220001,9097500,0.000918,0.550366667
303,2019-10-24,HYG,87.32,14832800,0.001147,0.5462
304,2019-10-25,HYG,87.389999,11593600,0.000802,0.584666667
305,2019-10-28,HYG,87.379997,10646500,-0.000114,0.582933333
306,2019-10-29,HYG,87.220001,10655700,-0.001831,0.745266667
307,2019-10-30,HYG,87.110001,24566400,-0.001261,0.652666667
308,2019-10-31,HYG,86.809998,24576400,-0.003444,0.978066667
309,2019-11-01,HYG,86.82,23894100,0.000115,0.674233333
310,2019-11-04,HYG,87,14135800,0.002073,0.8603
311,2019-11-05,HYG,86.910004,21946800,-0.001034,0.803866667
312,2019-11-06,HYG,86.809998,8976900,-0.001151,0.457766667
313,2019-11-07,HYG,86.769997,15077600,-0.000461,0.580733333
314,2019-11-08,HYG,86.849998,11692800,0.000922,0.377733333
315,2019-11-11,HYG,86.800003,4933600,-0.000576,0.351866667
316,2019-11-12,HYG,86.82,14690200,0.00023,0.517733333
317,2019-11-13,HYG,86.730003,15333600,-0.001037,0.391633333
318,2019-11-14,HYG,86.68,14965100,-0.000577,0.3615
319,2019-11-15,HYG,86.940002,12996200,0.003,0.676833333
320,2019-11-18,HYG,86.830002,13135800,-0.001265,0.4848
321,2019-11-19,HYG,86.519997,20175500,-0.00357,0.5112
322,2019-11-20,HYG,86.339996,22566100,-0.00208,0.7677
323,2019-11-21,HYG,86.360001,17853800,0.000232,0.529533333
324,2019-11-22,HYG,86.690002,20394800,0.003821,0.569233333
325,2019-11-25,HYG,86.919998,16885300,0.002653,0.6891
326,2019-11-26,HYG,87.019997,11469400,0.00115,0.3569
327,2019-11-27,HYG,87.129997,11814700,0.001264,0.495133333
328,2019-11-28,HYG,87.0349995,21827700,-0.00109,0.772966667
329,2019-11-29,HYG,86.940002,11519500,-0.001091,0.3866
330,2019-12-02,HYG,86.540001,20966400,-0.004601,0.580166667
331,2019-12-03,HYG,86.419998,29757200,-0.001387,0.553166667
332,2019-12-04,HYG,86.68,12406800,0.003009,1.717066667
333,2019-12-05,HYG,86.809998,18158900,0.0015,0.854933333
334,2019-12-06,HYG,86.93,16094700,0.001382,6.085
335,2019-12-09,HYG,86.93,18034300,0,1.101266667
336,2019-12-10,HYG,87.139999,15117100,0.002416,0.651966667
337,2019-12-11,HYG,87.32,14127500,0.002066,2.0723
338,2019-12-12,HYG,87.519997,18958100,0.00229,0.5892
339,2019-12-13,HYG,87.610001,18088100,0.001028,0.606866667
340,2019-12-16,HYG,87.779999,17517400,0.00194,0.8937
341,2019-12-17,HYG,88.050003,18650700,0.003076,0.948933333
342,2019-12-18,HYG,88.209999,31575700,0.001817,0.8743
343,2019-12-19,HYG,87.849998,29429300,-0.004081,1.068333333
344,2019-12-20,HYG,87.720001,31918800,-0.00148,0.889933333
345,2019-12-23,HYG,87.760002,9720200,0.000456,0.6133
346,2019-12-24,HYG,87.830002,4854900,0.000798,0.375033333
347,2019-12-25,HYG,87.8950005,21827700,0.00074,0.531533333
348,2019-12-26,HYG,87.959999,11382700,0.00074,0.700266667
349,2019-12-27,HYG,87.919998,11627100,-0.000455,0.4971
350,2019-12-30,HYG,87.860001,12524300,-0.000682,0.450866667
351,2019-12-31,HYG,87.940002,8310800,0.000911,0.981166667
352,2020-01-02,HYG,88.309998,15756600,0.004207,0.514233333
353,2020-01-03,HYG,88.220001,17342200,-0.001019,0.487233333
354,2020-01-06,HYG,88.129997,17936900,-0.00102,0.874966667
355,2020-01-07,HYG,88.050003,9640300,-0.000908,0.479866667
356,2020-01-08,HYG,88.129997,16088100,0.000909,0.761533333
357,2020-01-09,HYG,88.360001,16649500,0.00261,0.531733333
358,2020-01-10,HYG,88.389999,16182900,0.000339,0.472466667
359,2020-01-13,HYG,88.389999,17762400,0,0.520933333
360,2020-01-14,HYG,88.379997,29157100,-0.000113,0.787466667
361,2020-01-15,HYG,88.400002,24637900,0.000226,0.6543
362,2020-01-16,HYG,88.43,22349200,0.000339,0.704533333
363,2020-01-17,HYG,88.360001,29626700,-0.000792,1.051133333
364,2020-01-20,HYG,88.2649995,21827700,-0.001075,0.531533333
365,2020-01-21,HYG,88.169998,19724900,-0.001076,1.3432
366,2020-01-22,HYG,88.330002,17731800,0.001815,0.568766667
367,2020-01-23,HYG,88.059998,28566200,-0.003057,1.0183
368,2020-01-24,HYG,87.690002,40838300,-0.004202,1.104566667
369,2020-01-27,HYG,87.099998,41372700,-0.006728,1.073366667
370,2020-01-28,HYG,87.849998,32628300,0.008611,1.101233333
371,2020-01-29,HYG,87.800003,17308200,-0.000569,0.5738
372,2020-01-30,HYG,87.889999,20103300,0.001025,0.6929
373,2020-01-31,HYG,87.529999,35659700,-0.004096,1.300233333
374,2020-02-03,HYG,87.150002,27214300,-0.004341,0.607133333
375,2020-02-04,HYG,87.669998,25063800,0.005967,0.560366667
376,2020-02-05,HYG,88.029999,36687700,0.004106,1.0879
377,2020-02-06,HYG,88.099998,18329900,0.000795,0.805033333
378,2020-02-07,HYG,87.970001,12865100,-0.001476,0.7659
379,2020-02-10,HYG,88.089996,14220000,0.001364,0.668066667
380,2020-02-11,HYG,88.150002,16821500,0.000681,0.603066667
381,2020-02-12,HYG,88.379997,26688200,0.002609,1.476
382,2020-02-13,HYG,88.410004,13297900,0.00034,0.899033333
383,2020-02-14,HYG,88.400002,11398800,-0.000113,0.7631
384,2020-02-17,HYG,88.3100015,21827700,-0.001018,0.8391
385,2020-02-18,HYG,88.220001,26635300,-0.001019,0.8803
386,2020-02-19,HYG,88.260002,18547500,0.000453,0.491766667
387,2020-02-20,HYG,88.410004,31277000,0.0017,0.6451
388,2020-02-21,HYG,88.330002,23027000,-0.000905,0.718266667
389,2020-02-24,HYG,87.379997,57828300,-0.010755,1.236066667
390,2020-02-25,HYG,86.769997,68415100,-0.006981,1.678833333
391,2020-02-26,HYG,86.860001,69233800,0.001037,2.719266667
392,2020-02-27,HYG,85.690002,72595100,-0.01347,2.074866667
393,2020-02-28,HYG,86.040001,99309800,0.004084,3.419266667
394,2020-03-02,HYG,86.309998,72357700,0.003138,1.8002
395,2020-03-03,HYG,85.940002,58721000,-0.004287,2.010366667
396,2020-03-04,HYG,87.120003,52664700,0.013731,1.150033333
397,2020-03-05,HYG,86.019997,62455700,-0.012626,1.669733333
398,2020-03-06,HYG,85.050003,69860600,-0.011276,1.776133333
399,2020-03-09,HYG,81.389999,73609600,-0.043034,3.023833333
400,2020-03-10,HYG,82.639999,57598000,0.015358,2.148766667
401,2020-03-11,HYG,80.839996,60006600,-0.021781,2.5095
402,2020-03-12,HYG,77.610001,82926400,-0.039955,3.166133333
403,2020-03-13,HYG,80.050003,69164600,0.031439,3.377166667
404,2020-03-16,HYG,75.650002,43080100,-0.054966,1.972166667
405,2020-03-17,HYG,76.360001,68569400,0.009385,2.2697
406,2020-03-18,HYG,72.989998,54289800,-0.044133,2.0379
407,2020-03-19,HYG,71.349998,45706300,-0.022469,1.903966667
408,2020-03-20,HYG,69.75,55796500,-0.022425,2.099666667
409,2020-03-23,HYG,68.629997,48862100,-0.016057,1.650633333
410,2020-03-24,HYG,71.459999,51304000,0.041236,1.807633333
411,2020-03-25,HYG,73.470001,45692600,0.028128,1.635466667
412,2020-03-26,HYG,76.830002,41965200,0.045733,1.657766667
413,2020-03-27,HYG,77.029999,66536800,0.002603,1.461066667
414,2020-03-30,HYG,77.690002,35016900,0.008568,1.049433333
415,2020-03-31,HYG,77.07,31103400,-0.00798,1.892966667
416,2020-04-01,HYG,74.580002,36859100,-0.032308,1.385833333
417,2020-04-02,HYG,75.160004,31824800,0.007777,0.869833333
418,2020-04-03,HYG,73.550003,39986200,-0.021421,0.938566667
419,2020-04-06,HYG,75.339996,32347800,0.024337,0.9996
420,2020-04-07,HYG,75.339996,35120800,0,1.2719
421,2020-04-08,HYG,77.300003,46291400,0.026015,0.9618
422,2020-04-09,HYG,82.360001,88846900,0.065459,1.882666667
423,2020-04-13,HYG,81.18,40390500,-0.014327,1.460266667
424,2020-04-14,HYG,81.519997,37632800,0.004188,2.6088
425,2020-04-15,HYG,80.760002,34367500,-0.009323,0.869233333
426,2020-04-16,HYG,80.68,25821900,-0.000991,0.7813
427,2020-04-17,HYG,81.089996,38251800,0.005082,1.1286
428,2020-04-20,HYG,79.870003,24676200,-0.015045,0.765966667
429,2020-04-21,HYG,78.410004,42335600,-0.01828,1.148466667
430,2020-04-22,HYG,79.099998,15720900,0.0088,0.929033333
431,2020-04-23,HYG,79.059998,23896700,-0.000506,0.858566667
432,2020-04-24,HYG,78.32,37945000,-0.00936,0.7859
433,2020-04-27,HYG,78.639999,20550700,0.004086,0.586066667
434,2020-04-28,HYG,78.879997,23927600,0.003052,1.4697
435,2020-04-29,HYG,80.269997,34838300,0.017622,3.5382
436,2020-04-30,HYG,80.43,33630600,0.001993,4.098033333
437,2020-05-01,HYG,78.68,31859400,-0.021758,0.941666667
438,2020-05-04,HYG,78.57,20400900,-0.001398,0.5657
439,2020-05-05,HYG,79.25,26484200,0.008655,0.7262
440,2020-05-06,HYG,78.800003,18823300,-0.005678,0.6339
441,2020-05-07,HYG,79,19581700,0.002538,0.630133333
442,2020-05-08,HYG,79.75,21813300,0.009494,0.540433333
443,2020-05-11,HYG,79.389999,14258900,-0.004514,0.625666667
444,2020-05-12,HYG,79.290001,25332700,-0.00126,1.503433333
445,2020-05-13,HYG,78.870003,29962000,-0.005297,0.9886
446,2020-05-14,HYG,78.599998,30429100,-0.003423,1.640066667
447,2020-05-15,HYG,78.709999,34133400,0.0014,1.250333333
448,2020-05-18,HYG,80.099998,31902000,0.01766,0.8333
449,2020-05-19,HYG,80.199997,18536500,0.001248,0.560266667
450,2020-05-20,HYG,81.050003,36053700,0.010599,0.997666667
451,2020-05-21,HYG,81.029999,23307300,-0.000247,0.529633333
452,2020-05-22,HYG,81.230003,11311900,0.002468,0.524933333
453,2020-05-26,HYG,81.839996,27673800,0.007509,1.0263
454,2020-05-27,HYG,82.010002,24905000,0.002077,0.7344
455,2020-05-28,HYG,82.089996,23282500,0.000975,1.084833333
456,2020-05-29,HYG,82.419998,32286100,0.00402,1.199933333
457,2020-06-01,HYG,82.720001,46987000,0.00364,1.399866667
458,2020-06-02,HYG,83.540001,35930900,0.009913,2.047833333
459,2020-06-03,HYG,83.93,35991000,0.004668,0.9396
460,2020-06-04,HYG,83.669998,36405800,-0.003098,1.093533333
461,2020-06-05,HYG,84.459999,35306500,0.009442,0.954833333
462,2020-06-08,HYG,84.559998,20493100,0.001184,0.5465
463,2020-06-09,HYG,83.900002,28412400,-0.007805,0.708
464,2020-06-10,HYG,83.779999,36663100,-0.00143,0.8283
465,2020-06-11,HYG,81.629997,48794500,-0.025662,1.096966667
466,2020-06-12,HYG,82.440002,36155600,0.009923,1.439266667
467,2020-06-15,HYG,83.239998,39432300,0.009704,3.119133333
468,2020-06-16,HYG,83.580002,40976300,0.004085,0.9361
469,2020-06-17,HYG,83.190002,17050300,-0.004666,0.4597
470,2020-06-18,HYG,83.160004,22223600,-0.000361,0.6342
471,2020-06-19,HYG,82.879997,32037600,-0.003367,0.679633333
472,2020-06-22,HYG,82.82,21536000,-0.000724,0.5417
473,2020-06-23,HYG,82.940002,17438000,0.001449,0.544033333
474,2020-06-24,HYG,82.089996,43720600,-0.010248,0.8897
475,2020-06-25,HYG,82.120003,31159700,0.000366,0.806366667
476,2020-06-26,HYG,81.339996,33705800,-0.009498,0.7275
477,2020-06-29,HYG,80.879997,76540200,-0.005655,1.346666667
478,2020-06-30,HYG,81.620003,40554300,0.009149,1.4737
479,2020-07-01,HYG,81.529999,28799100,-0.001103,0.6998
480,2020-07-02,HYG,82.129997,30623300,0.007359,1.158533333
481,2020-07-03,HYG,82.424999,21827700,0.003592,0.683866667
482,2020-07-06,HYG,82.720001,22888200,0.003579,0.713733333
483,2020-07-07,HYG,82.169998,22408000,-0.006649,0.6087
484,2020-07-08,HYG,82.389999,21155700,0.002677,0.566433333
485,2020-07-09,HYG,82.209999,21655600,-0.002185,0.503266667
486,2020-07-10,HYG,82.489998,17903400,0.003406,0.5459
487,2020-07-13,HYG,82.040001,20039400,-0.005455,0.9843
488,2020-07-14,HYG,82.739998,31929700,0.008532,1.015133333
489,2020-07-15,HYG,83.209999,21291300,0.00568,6.9878
490,2020-07-16,HYG,83.290001,17570400,0.000961,0.366933333
491,2020-07-17,HYG,83.519997,22863700,0.002761,0.9733
492,2020-07-20,HYG,84.019997,16701600,0.005987,0.353833333
493,2020-07-21,HYG,84.410004,22331600,0.004642,0.709266667
494,2020-07-22,HYG,84.580002,15251400,0.002014,0.3866
495,2020-07-23,HYG,84.519997,28434900,-0.000709,0.596133333
496,2020-07-24,HYG,84.599998,14977500,0.000947,0.507533333
497,2020-07-27,HYG,84.800003,12931500,0.002364,2.9057
498,2020-07-28,HYG,84.580002,14862900,-0.002594,0.3896
499,2020-07-29,HYG,85.050003,18012800,0.005557,0.535966667
500,2020-07-30,HYG,85.230003,54812400,0.002116,0.929866667
501,2020-07-31,HYG,85.389999,28624400,0.001877,0.7988
502,2020-08-03,HYG,85.07,17480600,-0.003747,0.450566667
503,2020-08-04,HYG,85.040001,17120700,-0.000353,0.4349
504,2020-08-05,HYG,85.190002,14566000,0.001764,0.427066667
505,2020-08-06,HYG,85.379997,13258600,0.00223,0.642466667
506,2020-08-07,HYG,85.169998,14289900,-0.00246,0.4139
507,2020-08-10,HYG,85.209999,13708700,0.00047,0.460666667
508,2020-08-11,HYG,84.440002,20535400,-0.009036,0.516233333
509,2020-08-12,HYG,84.459999,18106400,0.000237,0.448666667
510,2020-08-13,HYG,84.230003,28444900,-0.002723,0.550333333
511,2020-08-14,HYG,84.080002,14072300,-0.001781,0.534233333
512,2020-08-17,HYG,84.580002,13756500,0.005947,0.275966667
513,2020-08-18,HYG,84.709999,24900300,0.001537,0.4189
514,2020-08-19,HYG,84.470001,18738300,-0.002833,0.6968
515,2020-08-20,HYG,84.75,19912800,0.003315,1.394966667
516,2020-08-21,HYG,84.739998,17570600,-0.000118,0.346666667
517,2020-08-24,HYG,85.129997,16058100,0.004602,0.4843
518,2020-08-25,HYG,85.220001,24018600,0.001057,0.613466667
519,2019-08-26,IVV,289.660004,2675200,0,1.874333333
520,2019-08-27,IVV,288.549988,3416400,-0.003832,1.053033333
521,2019-08-28,IVV,290.5,3827600,0.006758,0.495
522,2019-08-29,IVV,294.279999,3544700,0.013012,0.422066667
523,2019-08-30,IVV,294.269989,4786600,-3.40E-05,0.5389
524,2019-09-02,IVV,293.3399965,4195000,-0.00316,0.6149
525,2019-09-03,IVV,292.410004,4419500,-0.00317,0.681966667
526,2019-09-04,IVV,295.76001,2741800,0.011457,0.341066667
527,2019-09-05,IVV,299.630005,4005000,0.013085,0.685966667
528,2019-09-06,IVV,299.829987,3937500,0.000667,0.585933333
529,2019-09-09,IVV,299.970001,2973000,0.000467,0.4909
530,2019-09-10,IVV,299.950012,2416700,-6.70E-05,0.3477
531,2019-09-11,IVV,302.119995,2935100,0.007234,0.703833333
532,2019-09-12,IVV,303.079987,4597600,0.003178,0.6086
533,2019-09-13,IVV,302.869995,4257000,-0.000693,0.836
534,2019-09-16,IVV,301.980011,2277400,-0.002939,0.4595
535,2019-09-17,IVV,302.709991,3919700,0.002417,0.5914
536,2019-09-18,IVV,302.929993,3060100,0.000727,0.519866667
537,2019-09-19,IVV,302.890015,5068000,-0.000132,0.608833333
538,2019-09-20,IVV,301.220001,5885200,-0.005514,0.9073
539,2019-09-23,IVV,301.380005,4628800,0.000531,0.487533333
540,2019-09-24,IVV,297.51001,6186800,-0.012841,0.762333333
541,2019-09-25,IVV,299.190002,3626300,0.005647,0.5912
542,2019-09-26,IVV,298.589996,3102400,-0.002005,0.689566667
543,2019-09-27,IVV,297,3287300,-0.005325,0.6034
544,2019-09-30,IVV,298.519989,3805200,0.005118,0.7144
545,2019-10-01,IVV,294.910004,4889900,-0.012093,1.282533333
546,2019-10-02,IVV,289.630005,6358200,-0.017904,1.035766667
547,2019-10-03,IVV,292.040009,4787000,0.008321,0.855966667
548,2019-10-04,IVV,296.019989,4951200,0.013628,0.611633333
549,2019-10-07,IVV,294.690002,2631600,-0.004493,0.5826
550,2019-10-08,IVV,290.130005,3984900,-0.015474,0.5255
551,2019-10-09,IVV,292.880005,3371700,0.009479,0.35
552,2019-10-10,IVV,294.950012,3530700,0.007068,0.488833333
553,2019-10-11,IVV,297.890015,4203800,0.009968,0.5702
554,2019-10-14,IVV,297.690002,1612700,-0.000671,0.222433333
555,2019-10-15,IVV,300.619995,3190400,0.009842,0.56
556,2019-10-16,IVV,300.070007,3140300,-0.00183,2.267266667
557,2019-10-17,IVV,300.910004,2130900,0.002799,0.8885
558,2019-10-18,IVV,299.600006,2557200,-0.004353,0.824033333
559,2019-10-21,IVV,301.75,3784900,0.007176,0.515
560,2019-10-22,IVV,300.700012,4540200,-0.00348,0.640233333
561,2019-10-23,IVV,301.570007,1767200,0.002893,0.550366667
562,2019-10-24,IVV,302.109985,1937800,0.001791,0.5462
563,2019-10-25,IVV,303.309998,2515700,0.003972,0.584666667
564,2019-10-28,IVV,305.01001,4818200,0.005605,0.582933333
565,2019-10-29,IVV,304.910004,3443100,-0.000328,0.745266667
566,2019-10-30,IVV,305.869995,4160900,0.003148,0.652666667
567,2019-10-31,IVV,304.970001,4214800,-0.002942,0.978066667
568,2019-11-01,IVV,307.950012,2413100,0.009771,0.674233333
569,2019-11-04,IVV,309.109985,2509600,0.003767,0.8603
570,2019-11-05,IVV,308.73999,4949800,-0.001197,0.803866667
571,2019-11-06,IVV,308.880005,2711200,0.000454,0.457766667
572,2019-11-07,IVV,309.980011,2772000,0.003561,0.580733333
573,2019-11-08,IVV,310.670013,2031000,0.002226,0.377733333
574,2019-11-11,IVV,310.160004,2232400,-0.001642,0.351866667
575,2019-11-12,IVV,310.690002,2528800,0.001709,0.517733333
576,2019-11-13,IVV,310.859985,2311600,0.000547,0.391633333
577,2019-11-14,IVV,311.299988,2317200,0.001415,0.3615
578,2019-11-15,IVV,313.609985,3770100,0.00742,0.676833333
579,2019-11-18,IVV,313.75,2866900,0.000446,0.4848
580,2019-11-19,IVV,313.679993,3873700,-0.000223,0.5112
581,2019-11-20,IVV,312.519989,4099900,-0.003698,0.7677
582,2019-11-21,IVV,312.070007,2174200,-0.00144,0.529533333
583,2019-11-22,IVV,312.73999,2164500,0.002147,0.569233333
584,2019-11-25,IVV,315.100006,3510100,0.007546,0.6891
585,2019-11-26,IVV,315.730011,3180700,0.001999,0.3569
586,2019-11-27,IVV,317.25,1999500,0.004814,0.495133333
587,2019-11-28,IVV,316.654999,4195000,-0.001875,0.772966667
588,2019-11-29,IVV,316.059998,1790700,-0.001879,0.3866
589,2019-12-02,IVV,313.410004,3528400,-0.008384,0.580166667
590,2019-12-03,IVV,311.25,2573100,-0.006892,0.553166667
591,2019-12-04,IVV,313.179993,2210900,0.006201,1.717066667
592,2019-12-05,IVV,313.839996,3006400,0.002107,0.854933333
593,2019-12-06,IVV,316.640015,4750700,0.008922,6.085
594,2019-12-09,IVV,315.700012,3296100,-0.002969,1.101266667
595,2019-12-10,IVV,315.369995,3497900,-0.001045,0.651966667
596,2019-12-11,IVV,316.170013,4633900,0.002537,2.0723
597,2019-12-12,IVV,318.970001,5009300,0.008856,0.5892
598,2019-12-13,IVV,319.079987,3983000,0.000345,0.606866667
599,2019-12-16,IVV,319.320007,3948000,0.000752,0.8937
600,2019-12-17,IVV,319.350006,4846300,9.40E-05,0.948933333
601,2019-12-18,IVV,319.369995,4238700,6.30E-05,0.8743
602,2019-12-19,IVV,320.73999,5208100,0.00429,1.068333333
603,2019-12-20,IVV,322.380005,5678400,0.005113,0.889933333
604,2019-12-23,IVV,322.609985,4519500,0.000713,0.6133
605,2019-12-24,IVV,322.649994,2716300,0.000124,0.375033333
606,2019-12-25,IVV,323.4850005,4195000,0.002588,0.531533333
607,2019-12-26,IVV,324.320007,2847400,0.002581,0.700266667
608,2019-12-27,IVV,324.26001,5091400,-0.000185,0.4971
609,2019-12-30,IVV,322.51001,3511400,-0.005397,0.450866667
610,2019-12-31,IVV,323.23999,3128900,0.002263,0.981166667
611,2020-01-02,IVV,326.320007,4070500,0.009529,0.514233333
612,2020-01-03,IVV,323.809998,4290400,-0.007692,0.487233333
613,2020-01-06,IVV,325.089996,4212000,0.003953,0.874966667
614,2020-01-07,IVV,324.200012,3632500,-0.002738,0.479866667
615,2020-01-08,IVV,325.850006,3912100,0.005089,0.761533333
616,2020-01-09,IVV,328.049988,2964600,0.006752,0.531733333
617,2020-01-10,IVV,327.140015,3494600,-0.002774,0.472466667
618,2020-01-13,IVV,329.429993,3588100,0.007,0.520933333
619,2020-01-14,IVV,328.920013,4298700,-0.001548,0.787466667
620,2020-01-15,IVV,329.660004,4405100,0.00225,0.6543
621,2020-01-16,IVV,332.399994,5493100,0.008312,0.704533333
622,2020-01-17,IVV,333.5,4982400,0.003309,1.051133333
623,2020-01-20,IVV,333.1399995,4195000,-0.001079,0.531533333
624,2020-01-21,IVV,332.779999,5892400,-0.001081,1.3432
625,2020-01-22,IVV,332.850006,4182400,0.00021,0.568766667
626,2020-01-23,IVV,333.26001,7454900,0.001232,1.0183
627,2020-01-24,IVV,330.230011,4793500,-0.009092,1.104566667
628,2020-01-27,IVV,324.869995,6552900,-0.016231,1.073366667
629,2020-01-28,IVV,328.329987,5559200,0.01065,1.101233333
630,2020-01-29,IVV,328.100006,3372400,-7.00E-04,0.5738
631,2020-01-30,IVV,329.089996,4084500,0.003017,0.6929
632,2020-01-31,IVV,323.23999,6354000,-0.017776,1.300233333
633,2020-02-03,IVV,325.559998,3122000,0.007177,0.607133333
634,2020-02-04,IVV,330.609985,3636300,0.015512,0.560366667
635,2020-02-05,IVV,334.290009,4106100,0.011131,1.0879
636,2020-02-06,IVV,335.570007,4442600,0.003829,0.805033333
637,2020-02-07,IVV,333.75,4679900,-0.005424,0.7659
638,2020-02-10,IVV,336.220001,3614300,0.007401,0.668066667
639,2020-02-11,IVV,336.839996,5850800,0.001844,0.603066667
640,2020-02-12,IVV,339,5473300,0.006413,1.476
641,2020-02-13,IVV,338.579987,7908300,-0.001239,0.899033333
642,2020-02-14,IVV,339.070007,6510600,0.001447,0.7631
643,2020-02-17,IVV,338.6650085,4195000,-0.001194,0.8391
644,2020-02-18,IVV,338.26001,3566600,-0.001196,0.8803
645,2020-02-19,IVV,339.880005,2678800,0.004789,0.491766667
646,2020-02-20,IVV,338.48999,3567700,-0.00409,0.6451
647,2020-02-21,IVV,335.01001,4323700,-0.010281,0.718266667
648,2020-02-24,IVV,323.829987,7492100,-0.033372,1.236066667
649,2020-02-25,IVV,314.119995,12100900,-0.029985,1.678833333
650,2020-02-26,IVV,312.910004,11655100,-0.003852,2.719266667
651,2020-02-27,IVV,298.709991,11340100,-0.045381,2.074866667
652,2020-02-28,IVV,295.910004,19515300,-0.009374,3.419266667
653,2020-03-02,IVV,310.399994,11780800,0.048968,1.8002
654,2020-03-03,IVV,301.5,12910300,-0.028673,2.010366667
655,2020-03-04,IVV,314.75,7188600,0.043947,1.150033333
656,2020-03-05,IVV,303.76001,6506600,-0.034917,1.669733333
657,2020-03-06,IVV,298.700012,9896200,-0.016658,1.776133333
658,2020-03-09,IVV,274.799988,14676500,-0.080013,3.023833333
659,2020-03-10,IVV,289.549988,14213300,0.053675,2.148766667
660,2020-03-11,IVV,275.470001,9984000,-0.048627,2.5095
661,2020-03-12,IVV,248.960007,22444700,-0.096236,3.166133333
662,2020-03-13,IVV,271.549988,24915800,0.090737,3.377166667
663,2020-03-16,IVV,240.119995,18004600,-0.115743,1.972166667
664,2020-03-17,IVV,255.389999,18140900,0.063593,2.2697
665,2020-03-18,IVV,241.169998,22014200,-0.05568,2.0379
666,2020-03-19,IVV,242.059998,18324900,0.00369,1.903966667
667,2020-03-20,IVV,231.160004,12619800,-0.04503,2.099666667
668,2020-03-23,IVV,224.649994,14473200,-0.028162,1.650633333
669,2020-03-24,IVV,245.880005,12474400,0.094503,1.807633333
670,2020-03-25,IVV,247.470001,11938200,0.006467,1.635466667
671,2020-03-26,IVV,262.369995,15886800,0.060209,1.657766667
672,2020-03-27,IVV,254.240005,9514700,-0.030987,1.461066667
673,2020-03-30,IVV,262.359985,9539800,0.031938,1.049433333
674,2020-03-31,IVV,258.399994,9561000,-0.015094,1.892966667
675,2020-04-01,IVV,246.800003,13680800,-0.044892,1.385833333
676,2020-04-02,IVV,252.589996,7510800,0.02346,0.869833333
677,2020-04-03,IVV,249.020004,6419000,-0.014134,0.938566667
678,2020-04-06,IVV,265.799988,9644800,0.067384,0.9996
679,2020-04-07,IVV,265.910004,11723100,0.000414,1.2719
680,2020-04-08,IVV,275,5987700,0.034184,0.9618
681,2020-04-09,IVV,279.119995,11462100,0.014982,1.882666667
682,2020-04-13,IVV,276.440002,7569700,-0.009602,1.460266667
683,2020-04-14,IVV,284.829987,8106500,0.03035,2.6088
684,2020-04-15,IVV,278.570007,6012100,-0.021978,0.869233333
685,2020-04-16,IVV,280.049988,6360000,0.005313,0.7813
686,2020-04-17,IVV,287.579987,7982800,0.026888,1.1286
687,2020-04-20,IVV,282.459991,5692100,-0.017804,0.765966667
688,2020-04-21,IVV,273.859985,8689400,-0.030447,1.148466667
689,2020-04-22,IVV,280.059998,7207100,0.022639,0.929033333
690,2020-04-23,IVV,279.980011,7300700,-0.000286,0.858566667
691,2020-04-24,IVV,283.899994,5011900,0.014001,0.7859
692,2020-04-27,IVV,288.190002,5334600,0.015111,0.586066667
693,2020-04-28,IVV,286.640015,6904700,-0.005378,1.4697
694,2020-04-29,IVV,294.130005,7104800,0.02613,3.5382
695,2020-04-30,IVV,291.160004,11243800,-0.010098,4.098033333
696,2020-05-01,IVV,283.529999,6341200,-0.026206,0.941666667
697,2020-05-04,IVV,284.630005,4756600,0.00388,0.5657
698,2020-05-05,IVV,287.140015,5939700,0.008819,0.7262
699,2020-05-06,IVV,285.25,3434800,-0.006582,0.6339
700,2020-05-07,IVV,288.630005,3779000,0.011849,0.630133333
701,2020-05-08,IVV,293.459991,4342000,0.016734,0.540433333
702,2020-05-11,IVV,293.450012,6128100,-3.40E-05,0.625666667
703,2020-05-12,IVV,287.470001,4748800,-0.020378,1.503433333
704,2020-05-13,IVV,282.540009,8599000,-0.01715,0.9886
705,2020-05-14,IVV,285.920013,8721000,0.011963,1.640066667
706,2020-05-15,IVV,287.160004,7109700,0.004337,1.250333333
707,2020-05-18,IVV,296.040009,6021000,0.030924,0.8333
708,2020-05-19,IVV,292.98999,5323900,-0.010303,0.560266667
709,2020-05-20,IVV,297.98999,3890100,0.017065,0.997666667
710,2020-05-21,IVV,295.809998,3865500,-0.007316,0.529633333
711,2020-05-22,IVV,296.410004,3699100,0.002028,0.524933333
712,2020-05-26,IVV,300.170013,7299600,0.012685,1.0263
713,2020-05-27,IVV,304.549988,6809200,0.014592,0.7344
714,2020-05-28,IVV,303.950012,5877200,-0.00197,1.084833333
715,2020-05-29,IVV,305.179993,7085400,0.004047,1.199933333
716,2020-06-01,IVV,306.679993,6471000,0.004915,1.399866667
717,2020-06-02,IVV,309.230011,3188000,0.008315,2.047833333
718,2020-06-03,IVV,313.390015,4870400,0.013453,0.9396
719,2020-06-04,IVV,312.339996,6997200,-0.003351,1.093533333
720,2020-06-05,IVV,320.480011,7160800,0.026061,0.954833333
721,2020-06-08,IVV,324.399994,3822900,0.012232,0.5465
722,2020-06-09,IVV,322.01001,4326400,-0.007367,0.708
723,2020-06-10,IVV,320.109985,6002800,-0.005901,0.8283
724,2020-06-11,IVV,301.589996,7901500,-0.057855,1.096966667
725,2020-06-12,IVV,305.359985,7851700,0.0125,1.439266667
726,2020-06-15,IVV,306.890015,6281200,0.005011,3.119133333
727,2020-06-16,IVV,312.790009,5248800,0.019225,0.9361
728,2020-06-17,IVV,311.380005,3532000,-0.004508,0.4597
729,2020-06-18,IVV,311.619995,4008900,0.000771,0.6342
730,2020-06-19,IVV,309.720001,3833900,-0.006097,0.679633333
731,2020-06-22,IVV,311.940002,4186200,0.007168,0.5417
732,2020-06-23,IVV,313.209991,3794900,0.004071,0.544033333
733,2020-06-24,IVV,305.299988,5060800,-0.025255,0.8897
734,2020-06-25,IVV,308.5,6432400,0.010482,0.806366667
735,2020-06-26,IVV,301.140015,4969000,-0.023857,0.7275
736,2020-06-29,IVV,305.660004,4065200,0.01501,1.346666667
737,2020-06-30,IVV,309.690002,5475500,0.013185,1.4737
738,2020-07-01,IVV,311.809998,4022800,0.006846,0.6998
739,2020-07-02,IVV,313.450012,3496500,0.00526,1.158533333
740,2020-07-03,IVV,315.855011,4195000,0.007673,0.683866667
741,2020-07-06,IVV,318.26001,4464500,0.007614,0.713733333
742,2020-07-07,IVV,314.980011,2861700,-0.010306,0.6087
743,2020-07-08,IVV,317.329987,3686000,0.007461,0.566433333
744,2020-07-09,IVV,315.720001,3307500,-0.005074,0.503266667
745,2020-07-10,IVV,318.899994,2754700,0.010072,0.5459
746,2020-07-13,IVV,316.070007,5091400,-0.008874,0.9843
747,2020-07-14,IVV,320.170013,7143600,0.012972,1.015133333
748,2020-07-15,IVV,323.160004,3892300,0.009339,6.9878
749,2020-07-16,IVV,322.040009,2390900,-0.003466,0.366933333
750,2020-07-17,IVV,322.98999,2251300,0.00295,0.9733
751,2020-07-20,IVV,325.660004,2354200,0.008267,0.353833333
752,2020-07-21,IVV,326.25,3109200,0.001812,0.709266667
753,2020-07-22,IVV,328.170013,3177200,0.005885,0.3866
754,2020-07-23,IVV,324.200012,3024200,-0.012097,0.596133333
755,2020-07-24,IVV,322.130005,3421400,-0.006385,0.507533333
756,2020-07-27,IVV,324.5,3434000,0.007357,2.9057
757,2020-07-28,IVV,322.5,2513100,-0.006163,0.3896
758,2020-07-29,IVV,326.380005,2339500,0.012031,0.535966667
759,2020-07-30,IVV,325.26001,3287200,-0.003432,0.929866667
760,2020-07-31,IVV,327.820007,4683200,0.007871,0.7988
761,2020-08-03,IVV,330.109985,2832300,0.006985,0.450566667
762,2020-08-04,IVV,331.299988,3581600,0.003605,0.4349
763,2020-08-05,IVV,333.450012,2435100,0.00649,0.427066667
764,2020-08-06,IVV,335.709991,3301100,0.006778,0.642466667
765,2020-08-07,IVV,335.950012,3050200,0.000715,0.4139
766,2020-08-10,IVV,336.959991,2222100,0.003006,0.460666667
767,2020-08-11,IVV,334.140015,3603700,-0.008369,0.516233333
768,2020-08-12,IVV,338.799988,2907900,0.013946,0.448666667
769,2020-08-13,IVV,338.220001,2643200,-0.001712,0.550333333
770,2020-08-14,IVV,338.190002,1716000,-8.90E-05,0.534233333
771,2020-08-17,IVV,339.279999,1642600,0.003223,0.275966667
772,2020-08-18,IVV,340,1634600,0.002122,0.4189
773,2020-08-19,IVV,338.619995,1911500,-0.004059,0.6968
774,2020-08-20,IVV,339.660004,1804700,0.003071,1.394966667
775,2020-08-21,IVV,340.850006,2063000,0.003504,0.346666667
776,2020-08-24,IVV,344.350006,2084000,0.010268,0.4843
777,2020-08-25,IVV,344.350006,4195000,0,0.613466667